participant_id,task_number,task_label,word_count,n_user_turns,paste_count,self_report_cc,mails_total,anthropic_creative_direction,google_creative_direction,mistral_creative_direction,mean_creative_direction,crea_openai,crea_qwen,crea_xai,avg_creativity,cd_group,within_group_sim
2,1,social_media,95,3,1,7.0,8.75,4,4.0,4,4.0,20,25.0,25.0,23.33333333333333,High,0.07259490340948105
3,1,social_media,90,3,1,6.0,8.125,2,2.0,2,2.0,36,38.0,,37.0,Low,0.18430213630199432
2,5,interview,165,2,0,5.333333333333333,8.75,1,1.0,1,1.0,18,12.0,15.0,15.0,Low,0.15325848758220673
3,5,interview,82,2,1,6.666666666666667,8.125,2,3.0,2,2.33,20,25.0,,22.5,Low,0.22796973586082458
3,3,business_pitch,52,3,1,5.333333333333333,8.125,2,2.0,2,2.0,28,32.0,,30.0,Low,0.30196496844291687
2,3,business_pitch,201,2,0,6.333333333333333,8.75,1,1.0,2,1.33,12,10.0,15.0,12.333333333333334,Low,0.27453067898750305
4,5,interview,84,4,2,6.0,7.3,3,3.0,3,3.0,20,15.0,25.0,20.0,Low,0.3007713556289673
5,3,business_pitch,100,4,4,5.666666666666667,7.5,2,2.0,3,2.33,34,28.0,38.0,33.333333333333336,Low,0.15731917321681976
4,1,social_media,97,1,1,6.333333333333333,7.3,3,4.0,3,3.33,20,15.0,15.0,16.666666666666668,High,0.05543734133243561
7,1,social_media,135,4,1,4.666666666666667,5.5,3,3.0,3,3.0,36,42.0,42.0,40.0,Low,0.1627482920885086
7,5,interview,99,5,1,5.666666666666667,5.5,4,4.0,4,4.0,36,25.0,38.0,33.0,High,0.26550057530403137
5,5,interview,98,4,4,2.6666666666666665,7.5,1,1.0,2,1.33,18,15.0,15.0,16.0,Low,0.2263430505990982
4,3,business_pitch,72,1,2,6.333333333333333,7.3,3,4.0,3,3.33,22,25.0,35.0,27.33333333333333,High,0.1665082722902298
7,3,business_pitch,110,5,1,5.666666666666667,5.5,3,3.0,4,3.33,38,42.0,42.0,40.66666666666666,High,0.22498786449432373
5,1,social_media,107,3,8,5.666666666666667,7.5,1,1.0,2,1.33,24,25.0,28.0,25.666666666666668,Low,0.1315736621618271
14,1,social_media,229,7,3,4.666666666666667,3.5,3,4.0,3,3.33,24,25.0,35.0,28.0,High,0.1291629821062088
13,1,social_media,78,1,0,5.0,6.6,3,4.0,3,3.33,18,15.0,15.0,16.0,High,0.17139746248722076
8,1,social_media,66,1,0,7.0,7.0,1,1.0,1,1.0,20,25.0,25.0,23.33333333333333,Low,0.13676001131534576
17,1,social_media,116,2,1,4.666666666666667,5.0,2,3.0,2,2.33,32,25.0,38.0,31.666666666666668,Low,0.26069989800453186
16,3,business_pitch,62,2,0,6.0,7.7,2,2.0,2,2.0,20,25.0,25.0,23.33333333333333,Low,0.16226978600025177
14,3,business_pitch,179,3,1,4.333333333333333,3.5,4,4.0,4,4.0,28,28.0,35.0,30.33333333333333,High,0.14161193370819092
13,3,business_pitch,103,4,1,7.0,6.6,4,4.0,4,4.0,20,25.0,35.0,26.666666666666668,High,0.30600839853286743
17,3,business_pitch,106,1,1,5.333333333333333,5.0,2,3.0,2,2.33,32,25.0,38.0,31.666666666666668,Low,0.26083269715309143
8,5,interview,66,1,2,7.0,7.0,1,1.0,2,1.33,20,15.0,20.0,18.33333333333333,Low,0.3740982711315155
15,3,business_pitch,67,1,0,5.666666666666667,4.9,1,1.0,1,1.0,15,15.0,15.0,15.0,Low,0.3055782914161682
16,1,social_media,72,3,1,6.333333333333333,7.7,4,3.0,3,3.33,20,25.0,20.0,21.666666666666668,High,0.2054533064365387
25,3,business_pitch,50,3,1,2.0,5.2,2,2.0,2,2.0,18,25.0,20.0,21.0,Low,0.32421115040779114
14,5,interview,138,5,2,4.0,3.5,4,4.0,4,4.0,24,25.0,25.0,24.666666666666668,High,0.3079257309436798
21,5,interview,146,3,0,4.333333333333333,4.6,3,4.0,3,3.33,10,10.0,10.0,10.0,High,0.14244799315929413
24,3,business_pitch,216,4,1,7.0,6.0,2,3.0,3,2.67,30,38.0,42.0,36.66666666666666,High,0.24588388204574585
15,1,social_media,51,1,0,6.0,4.9,5,4.0,3,4.0,18,15.0,,16.5,High,0.1355881690979004
16,5,interview,77,4,1,7.0,7.7,4,3.0,4,3.67,32,25.0,35.0,30.666666666666668,High,0.21134412288665771
27,3,business_pitch,1,5,1,5.0,5.1,3,3.0,4,3.33,10,10.0,10.0,10.0,High,0.0031120239291340113
8,3,business_pitch,75,1,1,7.0,7.0,1,1.0,1,1.0,28,25.0,35.0,29.33333333333333,Low,0.2609839141368866
25,5,interview,36,2,1,3.333333333333333,5.2,2,3.0,2,2.33,15,15.0,15.0,15.0,Low,0.33870041370391846
19,1,social_media,29,2,1,5.666666666666667,4.9,2,2.0,2,2.0,30,42.0,38.0,36.66666666666666,Low,0.10366930812597275
24,5,interview,209,1,1,7.0,6.0,2,3.0,3,2.67,28,25.0,25.0,26.0,Low,0.3783423602581024
29,3,business_pitch,143,1,0,5.0,5.2,2,1.0,2,1.67,20,15.0,20.0,18.33333333333333,Low,0.15375658869743347
21,1,social_media,134,4,0,5.666666666666667,4.6,4,4.0,3,3.67,20,15.0,,17.5,High,0.16513597965240479
25,1,social_media,40,1,1,3.6666666666666665,5.2,2,3.0,3,2.67,20,35.0,30.0,28.33333333333333,Low,0.2184404730796814
19,3,business_pitch,65,3,1,4.666666666666667,4.9,2,3.0,3,2.67,15,25.0,15.0,18.33333333333333,High,0.2597329914569855
27,1,social_media,47,2,1,5.666666666666667,5.1,2,3.0,2,2.33,32,25.0,35.0,30.666666666666668,Low,0.18519583344459534
29,5,interview,252,1,0,5.333333333333333,5.2,2,3.0,3,2.67,20,15.0,20.0,18.33333333333333,Low,0.3070906698703766
30,3,business_pitch,41,2,1,6.0,3.3,3,3.0,3,3.0,28,35.0,35.0,32.666666666666664,High,0.15084987878799438
34,5,interview,44,2,1,5.333333333333333,3.8,3,4.0,3,3.33,20,15.0,20.0,18.33333333333333,High,0.2919645607471466
37,5,interview,103,3,0,5.0,1.0,4,3.0,3,3.33,28,25.0,28.0,27.0,High,0.15236325562000275
27,5,interview,62,2,1,6.0,5.1,3,3.0,3,3.0,15,25.0,15.0,18.33333333333333,Low,0.29921403527259827
21,3,business_pitch,102,1,1,5.333333333333333,4.6,1,1.0,1,1.0,15,15.0,15.0,15.0,Low,0.3490428328514099
30,5,interview,38,2,1,6.0,3.3,2,2.0,2,2.0,15,12.0,15.0,14.0,Low,0.2574518024921417
24,1,social_media,75,2,1,7.0,6.0,2,2.0,2,2.0,32,38.0,42.0,37.333333333333336,Low,0.16136854887008667
45,3,business_pitch,128,5,0,6.0,6.5,3,3.0,3,3.0,34,25.0,38.0,32.333333333333336,High,0.2410934418439865
29,1,social_media,140,1,0,5.333333333333333,5.2,2,1.0,2,1.67,22,15.0,20.0,19.0,Low,0.1758287400007248
46,3,business_pitch,121,4,2,6.0,6.1,4,4.0,4,4.0,34,38.0,38.0,36.66666666666666,High,0.2481555938720703
37,1,social_media,125,2,0,6.333333333333333,1.0,5,5.0,4,4.67,20,15.0,25.0,20.0,High,0.06449053436517715
35,5,interview,78,4,1,7.0,7.1,4,3.0,4,3.67,24,25.0,25.0,24.666666666666668,High,0.13194742798805237
34,3,business_pitch,88,1,0,5.666666666666667,3.8,3,3.0,3,3.0,20,25.0,28.0,24.33333333333333,High,0.17418447136878967
45,5,interview,164,2,0,6.333333333333333,6.5,2,3.0,2,2.33,20,25.0,,22.5,Low,0.23121553659439087
37,3,business_pitch,99,2,0,5.666666666666667,1.0,3,3.0,4,3.33,18,15.0,25.0,19.33333333333333,High,0.11345059424638748
46,1,social_media,55,5,0,7.0,6.1,5,4.0,4,4.33,36,32.0,38.0,35.333333333333336,High,0.11738623678684235
53,1,social_media,112,2,0,5.0,4.3,4,5.0,4,4.33,28,25.0,35.0,29.33333333333333,High,0.16134393215179443
52,1,social_media,181,4,1,7.0,8.2,4,5.0,4,4.33,46,15.0,42.0,34.333333333333336,High,0.12584246695041656
34,1,social_media,91,1,1,5.333333333333333,3.8,3,3.0,3,3.0,24,25.0,30.0,26.33333333333333,Low,0.21597890555858612
57,1,social_media,100,2,0,4.666666666666667,3.2,2,2.0,3,2.33,24,25.0,25.0,24.666666666666668,Low,0.21821580827236176
40,3,business_pitch,108,3,0,5.0,4.2,1,1.0,1,1.0,10,10.0,10.0,10.0,Low,0.24816784262657166
45,1,social_media,158,3,0,5.666666666666667,6.5,2,3.0,3,2.67,32,25.0,28.0,28.33333333333333,Low,0.09863407164812088
46,5,interview,126,6,3,6.666666666666667,6.1,4,4.0,4,4.0,38,35.0,38.0,37.0,High,0.22925511002540588
48,3,business_pitch,175,6,0,6.666666666666667,5.9,4,4.0,4,4.0,28,25.0,25.0,26.0,High,0.21490953862667084
52,5,interview,111,2,1,7.0,8.2,4,5.0,4,4.33,44,42.0,42.0,42.66666666666666,High,0.22856365144252777
61,1,social_media,142,2,0,4.0,3.3,1,1.0,2,1.33,36,15.0,,25.5,Low,0.2271908074617386
53,3,business_pitch,104,2,0,5.666666666666667,4.3,3,4.0,4,3.67,38,38.0,,38.0,High,0.24702657759189606
54,3,business_pitch,100,8,3,4.0,7.0,2,2.0,2,2.0,34,32.0,42.0,36.0,Low,0.26896893978118896
60,3,business_pitch,234,2,1,5.333333333333333,7.5,1,1.0,2,1.33,15,15.0,,15.0,Low,0.33045995235443115
52,3,business_pitch,226,2,1,7.0,8.2,5,5.0,5,5.0,46,42.0,45.0,44.333333333333336,High,0.0807204395532608
57,5,interview,101,2,0,5.666666666666667,3.2,1,1.0,2,1.33,20,15.0,20.0,18.33333333333333,Low,0.16676388680934906
59,3,business_pitch,130,3,3,5.0,5.5,2,2.0,2,2.0,28,25.0,,26.5,Low,0.28101345896720886
55,3,business_pitch,100,2,0,6.666666666666667,3.9,2,2.0,2,2.0,20,15.0,20.0,18.33333333333333,Low,0.24453705549240112
62,5,interview,115,2,0,6.666666666666667,8.6,2,3.0,3,2.67,15,10.0,15.0,13.333333333333334,Low,0.31815776228904724
48,5,interview,174,1,0,7.0,5.9,5,4.0,4,4.33,32,25.0,25.0,27.33333333333333,High,0.24322384595870972
54,5,interview,100,2,2,3.6666666666666665,7.0,1,1.0,1,1.0,22,25.0,35.0,27.33333333333333,Low,0.3351082503795624
61,3,business_pitch,129,1,0,4.333333333333333,3.3,1,1.0,2,1.33,28,25.0,20.0,24.33333333333333,Low,0.2960241138935089
70,5,interview,101,4,2,4.0,5.6,1,1.0,1,1.0,32,25.0,35.0,30.666666666666668,Low,0.19888927042484283
64,5,interview,102,2,0,4.333333333333333,6.3,4,3.0,4,3.67,20,15.0,25.0,20.0,High,0.22159820795059204
58,1,social_media,42,5,1,3.6666666666666665,5.6,3,4.0,3,3.33,20,25.0,25.0,23.33333333333333,High,0.1688334345817566
63,5,interview,98,2,1,6.333333333333333,6.1,3,3.0,3,3.0,20,15.0,15.0,16.666666666666668,Low,0.308653324842453
69,5,interview,52,4,1,4.0,4.9,1,1.0,2,1.33,15,15.0,15.0,15.0,Low,0.34173843264579773
26,5,interview,185,1,0,5.333333333333333,4.4,1,1.0,2,1.33,24,25.0,15.0,21.33333333333333,Low,0.19609054923057556
53,5,interview,112,2,0,5.333333333333333,4.3,4,4.0,4,4.0,28,25.0,35.0,29.33333333333333,High,0.3215349316596985
59,5,interview,111,2,3,6.0,5.5,1,2.0,2,1.67,24,15.0,25.0,21.33333333333333,Low,0.3721022307872772
57,3,business_pitch,105,2,0,6.333333333333333,3.2,2,1.0,2,1.67,20,25.0,25.0,23.33333333333333,Low,0.23833461105823517
68,5,interview,102,1,0,5.333333333333333,4.7,1,1.0,2,1.33,15,12.0,12.0,13.0,Low,0.3669945001602173
70,1,social_media,114,4,3,2.333333333333333,5.6,1,1.0,1,1.0,40,10.0,45.0,31.666666666666668,Low,0.19994467496871948
55,1,social_media,200,3,1,7.0,3.9,3,4.0,4,3.67,24,25.0,,24.5,High,0.15714460611343384
60,1,social_media,137,3,1,6.0,7.5,1,1.0,1,1.0,38,38.0,38.0,38.0,Low,0.19097217917442322
73,3,business_pitch,48,1,0,5.666666666666667,1.1,1,1.0,2,1.33,20,15.0,,17.5,Low,0.19403329491615295
64,3,business_pitch,92,1,0,4.333333333333333,6.3,2,2.0,3,2.33,22,25.0,25.0,24.0,Low,0.26121464371681213
69,3,business_pitch,66,1,1,5.0,4.9,1,1.0,2,1.33,20,15.0,20.0,18.33333333333333,Low,0.2817923426628113
61,5,interview,159,1,0,4.0,3.3,2,2.0,2,2.0,38,18.0,25.0,27.0,Low,0.22074852883815765
70,3,business_pitch,106,4,3,3.333333333333333,5.6,1,1.0,2,1.33,28,25.0,35.0,29.33333333333333,Low,0.21097755432128906
65,3,business_pitch,100,1,1,6.333333333333333,6.7,4,4.0,3,3.67,32,32.0,38.0,34.0,High,0.17188122868537903
79,3,business_pitch,62,5,0,6.0,5.2,4,4.0,4,4.0,24,25.0,,24.5,High,0.16497643291950226
62,1,social_media,145,2,0,6.666666666666667,8.6,2,2.0,2,2.0,20,25.0,25.0,23.33333333333333,Low,0.25500208139419556
80,3,business_pitch,103,4,0,5.666666666666667,7.1,2,2.0,3,2.33,24,25.0,35.0,28.0,Low,0.20985394716262817
59,1,social_media,101,2,2,6.666666666666667,5.5,2,2.0,2,2.0,20,25.0,35.0,26.666666666666668,Low,0.173090860247612
74,5,interview,41,2,0,5.0,6.8,4,4.0,3,3.67,15,15.0,,15.0,High,0.21102182567119598
82,5,interview,197,5,0,6.666666666666667,5.8,4,4.0,3,3.67,32,25.0,35.0,30.666666666666668,High,0.111875981092453
73,1,social_media,78,1,0,5.0,1.1,3,2.0,2,2.33,20,45.0,30.0,31.666666666666668,Low,0.13312697410583496
69,1,social_media,44,2,1,5.333333333333333,4.9,2,3.0,3,2.67,34,38.0,38.0,36.66666666666666,Low,0.17176583409309387
83,1,social_media,115,4,0,6.666666666666667,7.5,4,5.0,4,4.33,24,22.0,28.0,24.666666666666668,High,0.20217418670654297
63,1,social_media,117,4,1,6.333333333333333,6.1,4,4.0,4,4.0,28,25.0,35.0,29.33333333333333,High,0.21438239514827728
67,1,social_media,113,1,0,5.0,6.3,2,2.0,2,2.0,20,,15.0,17.5,Low,0.16658712923526764
68,3,business_pitch,36,2,0,5.666666666666667,4.7,1,1.0,2,1.33,18,12.0,15.0,15.0,Low,0.19089104235172272
60,5,interview,252,2,1,6.333333333333333,7.5,1,1.0,2,1.33,20,25.0,,22.5,Low,0.3667111098766327
84,3,business_pitch,121,1,0,6.0,5.4,2,2.0,2,2.0,28,25.0,,26.5,Low,0.14586909115314484
48,1,social_media,210,3,0,6.333333333333333,5.9,4,4.0,4,4.0,38,38.0,42.0,39.333333333333336,High,0.09540873765945435
41,5,interview,134,2,0,4.0,5.5,2,1.0,2,1.67,20,25.0,25.0,23.33333333333333,Low,0.31233903765678406
58,5,interview,116,1,1,5.666666666666667,5.6,2,2.0,2,2.0,20,25.0,20.0,21.666666666666668,Low,0.2958126366138458
65,5,interview,107,1,0,6.333333333333333,6.7,4,5.0,3,4.0,20,15.0,20.0,18.33333333333333,High,0.28859761357307434
62,3,business_pitch,132,2,0,6.333333333333333,8.6,1,1.0,2,1.33,12,12.0,12.0,12.0,Low,0.31080812215805054
80,5,interview,100,1,0,5.0,7.1,1,1.0,2,1.33,15,15.0,15.0,15.0,Low,0.37175559997558594
26,1,social_media,236,2,0,6.333333333333333,4.4,1,1.0,1,1.0,38,35.0,42.0,38.333333333333336,Low,0.04243582487106323
79,5,interview,196,1,0,6.666666666666667,5.2,3,4.0,3,3.33,20,25.0,20.0,21.666666666666668,High,0.24150200188159943
73,5,interview,64,1,0,5.666666666666667,1.1,2,2.0,2,2.0,20,25.0,20.0,21.666666666666668,Low,0.2804346978664398
63,3,business_pitch,110,3,1,6.0,6.1,3,3.0,4,3.33,24,25.0,28.0,25.666666666666668,High,0.26869240403175354
67,3,business_pitch,110,1,0,5.666666666666667,6.3,2,2.0,2,2.0,18,15.0,20.0,17.666666666666668,Low,0.19785116612911224
74,1,social_media,47,2,0,6.666666666666667,6.8,3,3.0,3,3.0,20,45.0,25.0,30.0,Low,0.062265705317258835
85,1,social_media,101,4,2,5.333333333333333,4.2,3,4.0,3,3.33,34,28.0,38.0,33.333333333333336,High,0.05860430747270584
82,1,social_media,99,6,1,6.666666666666667,5.8,3,4.0,2,3.0,28,25.0,35.0,29.33333333333333,Low,0.2382051944732666
83,3,business_pitch,136,3,0,6.666666666666667,7.5,4,4.0,3,3.67,28,25.0,35.0,29.33333333333333,High,0.22077138721942902
68,1,social_media,114,1,0,6.0,4.7,1,1.0,2,1.33,20,15.0,15.0,16.666666666666668,Low,0.0977705717086792
80,1,social_media,127,3,0,6.666666666666667,7.1,2,2.0,3,2.33,30,38.0,35.0,34.333333333333336,Low,0.18034084141254425
84,1,social_media,108,2,0,5.666666666666667,5.4,2,3.0,2,2.33,20,25.0,15.0,20.0,Low,0.13080768287181854
79,1,social_media,236,2,0,5.333333333333333,5.2,2,2.0,3,2.33,20,15.0,15.0,16.666666666666668,Low,0.04354365915060043
26,3,business_pitch,104,2,1,4.666666666666667,4.4,2,3.0,2,2.33,36,38.0,42.0,38.66666666666666,Low,0.1341516524553299
82,3,business_pitch,98,3,1,7.0,5.8,3,4.0,4,3.67,36,32.0,42.0,36.66666666666666,High,0.20098112523555756
41,1,social_media,183,2,0,5.666666666666667,5.5,2,2.0,2,2.0,18,15.0,15.0,16.0,Low,0.0005734098376706243
67,5,interview,118,1,1,5.666666666666667,6.3,1,1.0,2,1.33,15,15.0,,15.0,Low,0.2320626676082611
74,3,business_pitch,35,2,0,5.333333333333333,6.8,2,3.0,3,2.67,28,15.0,38.0,27.0,High,0.15683121979236603
85,3,business_pitch,107,5,5,4.0,4.2,3,3.0,4,3.33,24,25.0,35.0,28.0,High,0.11967160552740097
83,5,interview,111,4,1,6.333333333333333,7.5,4,4.0,4,4.0,20,15.0,20.0,18.33333333333333,High,0.3305637836456299
77,5,interview,41,1,1,5.666666666666667,5.8,4,3.0,3,3.33,24,25.0,35.0,28.0,High,0.29406020045280457
77,3,business_pitch,117,3,3,6.0,5.8,4,4.0,3,3.67,36,35.0,42.0,37.66666666666666,High,0.260256290435791
85,5,interview,140,5,3,4.333333333333333,4.2,3,4.0,4,3.67,20,25.0,25.0,23.33333333333333,High,0.29121819138526917
77,1,social_media,88,2,2,6.666666666666667,5.8,3,4.0,4,3.67,38,32.0,38.0,36.0,High,0.1916048675775528
41,3,business_pitch,120,2,0,4.333333333333333,5.5,2,3.0,2,2.33,28,25.0,30.0,27.666666666666668,Low,0.1961217224597931
93,3,business_pitch,234,1,1,3.333333333333333,8.4,5,5.0,4,4.67,32,35.0,42.0,36.333333333333336,High,0.2802255153656006
94,3,business_pitch,185,3,1,5.333333333333333,7.8,4,5.0,4,4.33,46,45.0,45.0,45.333333333333336,High,0.33131933212280273
90,1,social_media,48,3,0,5.666666666666667,5.4,2,2.0,2,2.0,18,25.0,15.0,19.33333333333333,Low,0.14425551891326904
93,5,interview,223,3,1,3.333333333333333,8.4,1,1.0,2,1.33,28,25.0,35.0,29.33333333333333,Low,0.3474313020706177
96,5,interview,83,5,1,5.666666666666667,5.3,4,4.0,4,4.0,20,15.0,25.0,20.0,High,0.32983025908470154
92,1,social_media,102,2,0,6.0,7.5,1,1.0,2,1.33,20,25.0,,22.5,Low,0.29669812321662903
97,5,interview,104,2,0,6.0,7.0,3,3.0,3,3.0,18,15.0,15.0,16.0,Low,0.2569844424724579
93,1,social_media,178,1,1,3.333333333333333,8.4,1,1.0,1,1.0,38,38.0,42.0,39.333333333333336,Low,0.22479712963104248
99,5,interview,112,1,1,5.0,6.1,3,3.0,3,3.0,15,15.0,15.0,15.0,Low,0.2897983491420746
95,3,business_pitch,48,1,1,5.666666666666667,4.6,4,3.0,4,3.67,20,25.0,,22.5,High,0.09995948523283005
94,1,social_media,100,5,1,5.0,7.8,3,3.0,3,3.0,44,38.0,42.0,41.333333333333336,Low,0.20728188753128052
105,1,social_media,159,2,2,6.0,6.0,4,4.0,3,3.67,20,25.0,25.0,23.33333333333333,High,0.10603945702314377
96,1,social_media,100,3,0,6.333333333333333,5.3,3,3.0,3,3.0,20,15.0,15.0,16.666666666666668,Low,0.17970168590545654
103,1,social_media,62,1,1,5.333333333333333,7.9,2,2.0,2,2.0,18,15.0,20.0,17.666666666666668,Low,0.10414403676986694
90,3,business_pitch,69,4,0,6.0,5.4,2,2.0,2,2.0,18,25.0,25.0,22.666666666666668,Low,0.16699378192424774
107,3,business_pitch,110,1,0,5.333333333333333,6.3,1,1.0,2,1.33,18,15.0,,16.5,Low,0.2844494879245758
97,1,social_media,110,2,0,5.333333333333333,7.0,4,4.0,4,4.0,24,25.0,35.0,28.0,High,0.1686030924320221
92,5,interview,100,2,0,6.0,7.5,1,1.0,2,1.33,18,25.0,,21.5,Low,0.38298070430755615
100,5,interview,101,1,0,5.666666666666667,5.3,3,3.0,3,3.0,20,15.0,15.0,16.666666666666668,Low,0.251348614692688
87,1,social_media,72,4,1,4.333333333333333,5.9,3,3.0,3,3.0,38,38.0,38.0,38.0,Low,0.1816777139902115
94,5,interview,124,3,1,5.333333333333333,7.8,3,3.0,3,3.0,32,25.0,,28.5,Low,0.26650187373161316
109,3,business_pitch,101,7,2,4.333333333333333,5.5,2,2.0,2,2.0,32,35.0,38.0,35.0,Low,0.2304602414369583
110,1,social_media,117,5,0,5.333333333333333,4.6,3,4.0,3,3.33,24,25.0,25.0,24.666666666666668,High,0.2263195812702179
113,5,interview,86,1,0,5.666666666666667,5.6,3,3.0,3,3.0,28,25.0,,26.5,Low,0.23369717597961426
106,3,business_pitch,111,3,0,6.666666666666667,5.3,2,3.0,2,2.33,24,25.0,30.0,26.33333333333333,Low,0.2703852951526642
99,3,business_pitch,105,2,0,5.333333333333333,6.1,4,4.0,3,3.67,24,15.0,28.0,22.33333333333333,High,0.19114373624324799
102,5,interview,102,1,0,4.333333333333333,1.7,1,1.0,2,1.33,20,15.0,20.0,18.33333333333333,Low,0.2932729423046112
104,5,interview,182,3,0,6.333333333333333,5.1,4,4.0,4,4.0,36,42.0,35.0,37.66666666666666,High,0.12390181422233582
101,1,social_media,110,1,0,6.0,4.4,1,1.0,2,1.33,28,25.0,35.0,29.33333333333333,Low,0.06398046016693115
96,3,business_pitch,85,4,1,5.666666666666667,5.3,3,3.0,3,3.0,15,25.0,20.0,20.0,High,0.24329774081707
111,3,business_pitch,124,5,3,4.666666666666667,5.9,2,2.0,2,2.0,15,10.0,10.0,11.666666666666666,Low,0.24619802832603455
105,5,interview,106,2,1,6.0,6.0,5,4.0,3,4.0,20,25.0,20.0,21.666666666666668,High,0.35210925340652466
106,5,interview,102,2,0,6.333333333333333,5.3,2,3.0,3,2.67,20,25.0,20.0,21.666666666666668,Low,0.36173930764198303
97,3,business_pitch,100,1,0,5.666666666666667,7.0,2,2.0,3,2.33,24,25.0,,24.5,Low,0.22431649267673492
90,5,interview,30,5,0,4.0,5.4,1,1.0,2,1.33,15,15.0,15.0,15.0,Low,0.13335683941841125
109,1,social_media,136,1,1,6.0,5.5,1,1.0,2,1.33,38,15.0,,26.5,Low,0.24458694458007812
107,1,social_media,122,1,0,5.333333333333333,6.3,2,2.0,2,2.0,24,25.0,,24.5,Low,0.17286165058612823
103,5,interview,127,2,2,5.0,7.9,2,2.0,2,2.0,18,25.0,,21.5,Low,0.3434676229953766
110,5,interview,113,5,0,5.666666666666667,4.6,3,3.0,3,3.0,15,15.0,15.0,15.0,Low,0.320738822221756
87,3,business_pitch,101,2,2,6.0,5.9,3,3.0,3,3.0,28,25.0,38.0,30.33333333333333,High,0.15915769338607788
113,1,social_media,127,1,2,6.0,5.6,4,4.0,3,3.67,24,25.0,35.0,28.0,High,0.15196852385997772
102,3,business_pitch,61,3,0,3.6666666666666665,1.7,1,1.0,2,1.33,15,15.0,15.0,15.0,Low,0.09676963090896606
105,3,business_pitch,107,4,0,5.666666666666667,6.0,3,3.0,2,2.67,12,12.0,12.0,12.0,High,0.2148909717798233
109,5,interview,122,4,1,5.333333333333333,5.5,2,2.0,2,2.0,44,42.0,45.0,43.66666666666666,Low,0.3008182644844055
101,3,business_pitch,106,1,0,6.0,4.4,2,2.0,2,2.0,18,25.0,20.0,21.0,Low,0.31353291869163513
111,1,social_media,103,5,1,5.333333333333333,5.9,3,3.0,4,3.33,44,38.0,42.0,41.333333333333336,High,0.14403337240219116
87,5,interview,116,3,2,5.333333333333333,5.9,3,3.0,3,3.0,34,25.0,38.0,32.333333333333336,Low,0.2808494567871094
95,5,interview,86,1,0,6.0,4.6,3,3.0,3,3.0,20,15.0,15.0,16.666666666666668,Low,0.09223487973213196
117,3,business_pitch,24,1,0,6.0,4.3,1,1.0,2,1.33,15,12.0,15.0,14.0,Low,0.17753666639328003
110,3,business_pitch,114,3,0,6.333333333333333,4.6,3,3.0,3,3.0,22,25.0,25.0,24.0,High,0.2022741436958313
113,3,business_pitch,153,2,2,5.0,5.6,1,2.0,2,1.67,38,35.0,42.0,38.333333333333336,Low,0.17985466122627258
103,3,business_pitch,127,2,1,5.333333333333333,7.9,2,1.0,2,1.67,20,15.0,15.0,16.666666666666668,Low,0.3160470128059387
115,1,social_media,100,3,0,7.0,6.0,3,3.0,4,3.33,20,25.0,30.0,25.0,High,0.09335540980100632
124,5,interview,75,1,2,5.666666666666667,7.3,4,4.0,3,3.67,20,25.0,,22.5,High,0.2600858211517334
123,5,interview,83,3,0,5.666666666666667,3.4,1,1.0,2,1.33,20,15.0,,17.5,Low,0.21087335050106049
125,1,social_media,110,1,0,7.0,4.6,2,3.0,3,2.67,28,28.0,25.0,27.0,Low,0.15829993784427643
117,1,social_media,32,1,0,6.0,4.3,1,1.0,1,1.0,15,12.0,12.0,13.0,Low,0.05583210662007332
120,3,business_pitch,120,2,0,5.666666666666667,7.2,2,2.0,2,2.0,24,25.0,35.0,28.0,Low,0.18882563710212708
128,3,business_pitch,178,1,0,6.0,6.0,2,2.0,3,2.33,34,25.0,38.0,32.333333333333336,Low,0.2679693102836609
126,5,interview,100,5,0,6.666666666666667,4.6,4,4.0,4,4.0,20,25.0,,22.5,High,0.1918315887451172
115,5,interview,105,1,1,7.0,6.0,4,4.0,3,3.67,20,25.0,30.0,25.0,High,0.18922889232635498
130,3,business_pitch,51,2,2,6.0,5.7,2,2.0,2,2.0,22,25.0,35.0,27.33333333333333,Low,0.2722262442111969
134,5,interview,68,4,0,5.666666666666667,4.5,3,4.0,3,3.33,30,25.0,25.0,26.666666666666668,High,0.33554786443710327
124,3,business_pitch,38,4,1,6.333333333333333,7.3,3,3.0,3,3.0,36,35.0,38.0,36.333333333333336,High,0.13641442358493805
119,3,business_pitch,105,3,2,5.333333333333333,8.2,2,3.0,2,2.33,44,38.0,42.0,41.333333333333336,Low,0.29674622416496277
136,1,social_media,100,5,0,6.666666666666667,5.3,4,4.0,3,3.67,20,22.0,25.0,22.33333333333333,High,0.17063738405704498
132,5,interview,146,3,2,7.0,5.0,3,3.0,2,2.67,20,15.0,,17.5,Low,0.1963091492652893
138,5,interview,156,2,0,7.0,5.8,2,2.0,2,2.0,28,25.0,25.0,26.0,Low,0.21153439581394196
135,5,interview,117,2,0,5.666666666666667,4.2,3,3.0,3,3.0,28,25.0,,26.5,Low,0.3099289834499359
131,5,interview,125,2,0,6.333333333333333,6.3,2,3.0,2,2.33,20,25.0,15.0,20.0,Low,0.22329193353652954
139,3,business_pitch,50,4,1,6.333333333333333,7.5,3,3.0,3,3.0,34,42.0,38.0,38.0,High,0.19648002088069916
142,5,interview,109,3,0,5.666666666666667,4.0,3,3.0,4,3.33,20,25.0,,22.5,High,0.29633820056915283
115,3,business_pitch,106,7,2,7.0,6.0,2,2.0,2,2.0,28,38.0,38.0,34.666666666666664,Low,0.11046118289232254
140,3,business_pitch,59,4,0,6.333333333333333,7.6,2,2.0,3,2.33,28,25.0,35.0,29.33333333333333,Low,0.09536188840866089
117,5,interview,16,2,0,6.0,4.3,1,1.0,2,1.33,12,12.0,12.0,12.0,Low,0.23022793233394623
146,1,social_media,100,3,1,5.666666666666667,7.5,4,4.0,3,3.67,20,25.0,35.0,26.666666666666668,High,0.20963507890701294
145,3,business_pitch,109,4,0,7.0,4.7,4,4.0,4,4.0,20,32.0,38.0,30.0,High,0.22570516169071198
147,1,social_media,98,1,0,6.666666666666667,7.0,4,4.0,4,4.0,24,25.0,25.0,24.666666666666668,High,0.18115542829036713
128,5,interview,107,2,0,6.0,6.0,1,1.0,2,1.33,15,15.0,20.0,16.666666666666668,Low,0.346912682056427
123,3,business_pitch,87,2,0,6.0,3.4,1,1.0,2,1.33,15,15.0,15.0,15.0,Low,0.28950849175453186
125,5,interview,107,1,0,6.666666666666667,4.6,2,3.0,3,2.67,20,,15.0,17.5,Low,0.30077922344207764
149,1,social_media,149,5,0,6.666666666666667,6.3,5,5.0,4,4.67,32,32.0,38.0,34.0,High,0.2558644711971283
120,5,interview,99,2,0,5.666666666666667,7.2,4,4.0,4,4.0,20,25.0,20.0,21.666666666666668,High,0.17626123130321503
112,3,business_pitch,69,6,3,5.0,5.5,3,4.0,3,3.33,36,38.0,42.0,38.66666666666666,High,0.14742715656757355
152,5,interview,89,3,0,6.0,6.4,3,3.0,3,3.0,28,25.0,35.0,29.33333333333333,Low,0.3312496840953827
134,1,social_media,47,3,0,6.0,4.5,3,3.0,4,3.33,28,25.0,38.0,30.33333333333333,High,0.12274733185768127
135,3,business_pitch,100,1,0,5.333333333333333,4.2,2,3.0,3,2.67,28,25.0,25.0,26.0,High,0.23340682685375214
126,3,business_pitch,43,3,0,3.0,4.6,2,2.0,3,2.33,30,25.0,35.0,30.0,Low,0.22405298054218292
136,5,interview,115,1,0,6.333333333333333,5.3,2,2.0,3,2.33,24,38.0,35.0,32.333333333333336,Low,0.2810540497303009
139,1,social_media,39,4,1,6.333333333333333,7.5,2,3.0,3,2.67,30,38.0,38.0,35.333333333333336,Low,0.1903347223997116
142,3,business_pitch,163,1,0,5.333333333333333,4.0,3,3.0,3,3.0,32,38.0,38.0,36.0,High,0.17436210811138153
128,1,social_media,135,3,0,6.333333333333333,6.0,2,2.0,3,2.33,28,25.0,35.0,29.33333333333333,Low,0.16881027817726135
138,1,social_media,110,2,0,5.0,5.8,3,4.0,3,3.33,32,38.0,38.0,36.0,High,0.2902891933917999
156,3,business_pitch,133,3,1,7.0,7.9,4,4.0,3,3.67,28,25.0,28.0,27.0,High,0.12391869723796844
132,1,social_media,196,4,4,6.666666666666667,5.0,3,3.0,4,3.33,34,28.0,38.0,33.333333333333336,High,0.25847673416137695
134,3,business_pitch,52,2,0,6.0,4.5,3,3.0,3,3.0,24,25.0,38.0,29.0,High,0.06457103043794632
155,5,interview,30,1,0,5.0,2.0,2,2.0,2,2.0,15,15.0,15.0,15.0,Low,0.15896746516227722
146,5,interview,96,3,1,5.0,7.5,3,4.0,4,3.67,44,25.0,42.0,37.0,High,0.22659748792648315
159,3,business_pitch,470,2,1,5.666666666666667,7.7,2,2.0,3,2.33,32,25.0,42.0,33.0,Low,0.2535409927368164
149,5,interview,157,2,0,6.666666666666667,6.3,5,5.0,4,4.67,18,25.0,20.0,21.0,High,0.33303987979888916
151,3,business_pitch,73,1,0,6.666666666666667,3.7,1,2.0,2,1.67,18,15.0,18.0,17.0,Low,0.06149477884173393
104,1,social_media,109,4,0,6.666666666666667,5.1,4,4.0,4,4.0,44,42.0,42.0,42.66666666666666,High,0.14938737452030182
153,1,social_media,44,4,1,6.0,5.7,2,3.0,3,2.67,38,38.0,38.0,38.0,Low,0.17769823968410492
157,5,interview,48,5,3,4.333333333333333,6.0,3,4.0,4,3.67,28,38.0,30.0,32.0,High,0.17167863249778748
119,5,interview,95,1,1,5.333333333333333,8.2,3,4.0,2,3.0,20,15.0,20.0,18.33333333333333,Low,0.18813347816467285
137,5,interview,131,3,0,5.333333333333333,6.7,4,4.0,4,4.0,20,22.0,20.0,20.666666666666668,High,0.32649895548820496
140,1,social_media,123,3,2,6.0,7.6,2,2.0,2,2.0,32,35.0,38.0,35.0,Low,0.18681932985782623
147,5,interview,95,1,0,7.0,7.0,2,1.0,2,1.67,24,15.0,15.0,18.0,Low,0.2344072461128235
145,5,interview,157,2,0,7.0,4.7,4,5.0,5,4.67,30,28.0,35.0,31.0,High,0.2867331802845001
158,5,interview,126,2,0,5.333333333333333,6.9,4,4.0,3,3.67,20,15.0,15.0,16.666666666666668,High,0.17261436581611633
123,1,social_media,81,2,0,6.0,3.4,2,2.0,2,2.0,18,15.0,25.0,19.33333333333333,Low,0.17449362576007843
125,3,business_pitch,119,1,0,7.0,4.6,2,2.0,3,2.33,20,25.0,35.0,26.666666666666668,Low,0.24551205337047577
136,3,business_pitch,143,2,0,6.666666666666667,5.3,2,3.0,3,2.67,30,35.0,28.0,31.0,High,0.03023330122232437
120,1,social_media,120,2,0,5.666666666666667,7.2,5,5.0,4,4.67,40,42.0,42.0,41.333333333333336,High,0.13191770017147064
155,3,business_pitch,46,1,0,5.666666666666667,2.0,1,1.0,2,1.33,18,25.0,18.0,20.33333333333333,Low,0.21672557294368744
130,1,social_media,100,3,1,6.0,5.7,2,2.0,2,2.0,20,15.0,20.0,18.33333333333333,Low,0.2051304578781128
112,5,interview,65,6,1,5.666666666666667,5.5,4,4.0,4,4.0,20,15.0,20.0,18.33333333333333,High,0.27584308385849
152,3,business_pitch,112,2,0,6.0,6.4,1,1.0,2,1.33,28,25.0,38.0,30.33333333333333,Low,0.3263985216617584
153,3,business_pitch,44,4,0,5.0,5.7,2,3.0,3,2.67,24,32.0,35.0,30.33333333333333,High,0.21544919908046722
126,1,social_media,113,3,0,6.666666666666667,4.6,4,4.0,4,4.0,24,25.0,30.0,26.33333333333333,High,0.23904669284820557
142,1,social_media,126,1,0,5.0,4.0,3,3.0,3,3.0,30,15.0,30.0,25.0,Low,0.0800970271229744
151,1,social_media,72,1,0,6.333333333333333,3.7,1,1.0,2,1.33,34,32.0,38.0,34.666666666666664,Low,0.13535135984420776
165,5,interview,156,1,0,5.666666666666667,7.2,1,1.0,1,1.0,15,15.0,15.0,15.0,Low,0.3046882450580597
146,3,business_pitch,96,2,1,6.0,7.5,3,3.0,3,3.0,38,38.0,42.0,39.333333333333336,High,0.1977716088294983
138,3,business_pitch,109,2,0,5.0,5.8,3,3.0,2,2.67,20,25.0,25.0,23.33333333333333,High,0.2140030413866043
130,5,interview,58,3,1,6.0,5.7,2,2.0,2,2.0,32,25.0,35.0,30.666666666666668,Low,0.15605568885803223
156,5,interview,101,2,1,6.0,7.9,4,4.0,4,4.0,24,25.0,20.0,23.0,High,0.2494955211877823
166,1,social_media,56,3,0,5.0,5.1,4,3.0,4,3.67,28,35.0,30.0,31.0,High,0.1575385332107544
140,5,interview,118,1,1,6.666666666666667,7.6,2,2.0,2,2.0,20,15.0,25.0,20.0,Low,0.3156042993068695
147,3,business_pitch,95,1,0,7.0,7.0,1,1.0,2,1.33,18,22.0,20.0,20.0,Low,0.3055765628814697
149,3,business_pitch,176,1,0,6.333333333333333,6.3,5,4.0,4,4.33,28,32.0,35.0,31.666666666666668,High,0.2577454745769501
132,3,business_pitch,154,3,3,7.0,5.0,3,3.0,3,3.0,24,28.0,28.0,26.666666666666668,High,0.20072142779827118
167,5,interview,103,1,0,5.666666666666667,5.1,2,2.0,2,2.0,15,15.0,15.0,15.0,Low,0.342634916305542
163,3,business_pitch,41,2,1,5.666666666666667,5.7,4,4.0,3,3.67,22,25.0,25.0,24.0,High,0.19896486401557922
157,3,business_pitch,50,8,1,5.666666666666667,6.0,4,3.0,4,3.67,32,38.0,42.0,37.333333333333336,High,0.1974353939294815
170,5,interview,144,2,0,6.0,6.4,4,4.0,4,4.0,28,25.0,35.0,29.33333333333333,High,0.21433617174625397
119,1,social_media,114,1,1,5.333333333333333,8.2,2,3.0,2,2.33,44,25.0,42.0,37.0,Low,0.22787202894687653
153,5,interview,52,3,0,6.333333333333333,5.7,3,3.0,2,2.67,15,15.0,15.0,15.0,Low,0.3483678102493286
137,3,business_pitch,86,2,0,6.0,6.7,3,3.0,4,3.33,24,25.0,28.0,25.666666666666668,High,0.1770593822002411
145,1,social_media,155,4,6,7.0,4.7,5,5.0,4,4.67,34,32.0,38.0,34.666666666666664,High,0.15001222491264343
152,1,social_media,41,2,0,4.666666666666667,6.4,3,3.0,3,3.0,32,35.0,35.0,34.0,Low,0.17490209639072418
169,3,business_pitch,78,4,1,6.0,4.2,2,3.0,3,2.67,24,25.0,38.0,29.0,High,0.1563892513513565
158,3,business_pitch,72,5,0,4.666666666666667,6.9,2,1.0,2,1.67,24,25.0,25.0,24.666666666666668,Low,0.2508036494255066
171,5,interview,102,4,1,4.333333333333333,6.8,3,4.0,3,3.33,28,15.0,15.0,19.33333333333333,High,0.14675484597682953
112,1,social_media,65,3,1,6.666666666666667,5.5,3,4.0,4,3.67,32,38.0,38.0,36.0,High,0.1988268494606018
118,5,interview,142,2,0,6.333333333333333,7.3,4,5.0,4,4.33,36,25.0,35.0,32.0,High,0.17981114983558655
165,3,business_pitch,150,1,0,5.666666666666667,7.2,2,2.0,2,2.0,28,25.0,35.0,29.33333333333333,Low,0.227059006690979
173,1,social_media,120,2,0,6.0,4.1,3,4.0,3,3.33,20,15.0,15.0,16.666666666666668,High,0.1371278613805771
161,5,interview,124,2,0,6.333333333333333,6.8,5,5.0,4,4.67,20,15.0,15.0,16.666666666666668,High,0.26682791113853455
176,5,interview,120,1,2,6.333333333333333,7.4,4,4.0,3,3.67,20,25.0,,22.5,High,0.3352097272872925
174,1,social_media,74,1,0,5.333333333333333,6.3,1,1.0,2,1.33,32,38.0,35.0,35.0,Low,0.1571190357208252
156,1,social_media,100,7,0,6.333333333333333,7.9,4,4.0,4,4.0,28,25.0,35.0,29.33333333333333,High,0.1807287037372589
166,5,interview,94,5,0,5.333333333333333,5.1,2,3.0,3,2.67,28,25.0,35.0,29.33333333333333,Low,0.2222604602575302
170,1,social_media,52,1,0,5.666666666666667,6.4,1,1.0,1,1.0,28,38.0,38.0,34.666666666666664,Low,0.1124761775135994
157,1,social_media,44,6,1,4.666666666666667,6.0,3,4.0,4,3.67,44,42.0,42.0,42.66666666666666,High,0.11597456783056259
167,3,business_pitch,112,2,0,5.666666666666667,5.1,2,1.0,2,1.67,22,25.0,25.0,24.0,Low,0.27069106698036194
163,5,interview,70,3,2,6.0,5.7,3,4.0,3,3.33,20,28.0,15.0,21.0,High,0.1642753630876541
177,3,business_pitch,50,1,1,6.0,7.3,2,2.0,3,2.33,24,25.0,25.0,24.666666666666668,Low,0.2712002694606781
178,3,business_pitch,86,2,0,7.0,10.0,2,1.0,2,1.67,20,15.0,15.0,16.666666666666668,Low,0.2673427164554596
179,5,interview,90,2,3,6.0,7.6,3,4.0,3,3.33,28,15.0,35.0,26.0,High,0.2896905839443207
158,1,social_media,105,1,0,5.666666666666667,6.9,1,1.0,2,1.33,44,42.0,38.0,41.333333333333336,Low,0.03477118909358978
176,1,social_media,44,1,0,6.333333333333333,7.4,3,3.0,3,3.0,24,25.0,35.0,28.0,Low,0.23776912689208984
118,3,business_pitch,132,1,0,6.0,7.3,5,5.0,5,5.0,38,32.0,38.0,36.0,High,0.08854106813669205
165,1,social_media,126,4,0,6.0,7.2,1,1.0,2,1.33,24,,25.0,24.5,Low,0.09219422936439514
170,3,business_pitch,105,1,0,6.0,6.4,1,1.0,2,1.33,32,35.0,38.0,35.0,Low,0.27082815766334534
169,1,social_media,104,3,0,6.0,4.2,2,2.0,2,2.0,20,22.0,25.0,22.33333333333333,Low,0.18446530401706696
137,1,social_media,112,1,0,5.666666666666667,6.7,4,5.0,3,4.0,24,25.0,20.0,23.0,High,0.17925086617469788
180,5,interview,90,4,1,6.0,4.8,4,,4,4.0,20,25.0,25.0,23.33333333333333,High,0.29133522510528564
171,3,business_pitch,100,6,1,6.333333333333333,6.8,4,4.0,4,4.0,32,32.0,28.0,30.666666666666668,High,0.18008838593959808
173,3,business_pitch,99,1,0,5.666666666666667,4.1,3,3.0,3,3.0,28,25.0,35.0,29.33333333333333,High,0.1887698620557785
176,3,business_pitch,52,2,0,6.333333333333333,7.4,2,3.0,2,2.33,28,35.0,38.0,33.666666666666664,Low,0.3081122040748596
174,3,business_pitch,78,1,0,6.0,6.3,1,1.0,1,1.0,32,38.0,38.0,36.0,Low,0.17449145019054413
166,3,business_pitch,96,4,0,6.0,5.1,3,3.0,3,3.0,28,25.0,30.0,27.666666666666668,High,0.26307564973831177
167,1,social_media,132,1,0,6.0,5.1,1,1.0,2,1.33,30,25.0,25.0,26.666666666666668,Low,0.17771834135055542
118,1,social_media,142,1,0,6.333333333333333,7.3,5,5.0,4,4.67,28,25.0,35.0,29.33333333333333,High,0.12607067823410034
163,1,social_media,52,3,1,7.0,5.7,4,4.0,3,3.67,20,25.0,20.0,21.666666666666668,High,0.14558251202106476
184,3,business_pitch,116,2,0,5.333333333333333,6.0,4,4.0,4,4.0,24,25.0,28.0,25.666666666666668,High,0.15511202812194824
177,5,interview,47,2,1,5.666666666666667,7.3,2,2.0,2,2.0,15,15.0,15.0,15.0,Low,0.28421008586883545
179,1,social_media,49,2,1,6.0,7.6,4,4.0,4,4.0,32,38.0,38.0,36.0,High,0.1577315628528595
182,5,interview,132,1,1,6.0,6.2,5,4.0,3,4.0,20,15.0,15.0,16.666666666666668,High,0.10553209483623505
169,5,interview,105,1,0,6.0,4.2,2,3.0,2,2.33,24,15.0,20.0,19.666666666666668,Low,0.25689437985420227
183,3,business_pitch,2,2,0,4.666666666666667,5.7,1,1.0,1,1.0,10,10.0,10.0,10.0,Low,0.09146196395158768
173,5,interview,102,1,0,5.666666666666667,4.1,1,1.0,2,1.33,20,15.0,15.0,16.666666666666668,Low,0.24528256058692932
186,1,social_media,75,1,0,6.0,5.9,2,3.0,2,2.33,20,25.0,20.0,21.666666666666668,Low,0.169495090842247
171,1,social_media,138,6,1,6.333333333333333,6.8,4,4.0,4,4.0,28,25.0,35.0,29.33333333333333,High,0.18032537400722504
172,1,social_media,103,4,2,1.0,5.8,3,3.0,2,2.67,28,25.0,42.0,31.666666666666668,Low,0.24841925501823425
180,3,business_pitch,123,6,4,6.0,4.8,3,3.0,4,3.33,24,28.0,35.0,29.0,High,0.2232949137687683
187,1,social_media,80,3,0,6.333333333333333,2.3,3,3.0,3,3.0,24,25.0,18.0,22.33333333333333,Low,0.10677957534790039
174,5,interview,83,1,0,5.666666666666667,6.3,1,2.0,2,1.67,20,32.0,20.0,24.0,Low,0.27177339792251587
189,3,business_pitch,142,3,2,4.666666666666667,5.3,1,1.0,2,1.33,32,25.0,42.0,33.0,Low,0.32812443375587463
175,3,business_pitch,98,1,0,5.666666666666667,6.5,2,1.0,2,1.67,12,12.0,12.0,12.0,Low,0.26373395323753357
179,3,business_pitch,166,2,1,6.0,7.6,3,4.0,3,3.33,28,28.0,38.0,31.33333333333333,High,0.27014344930648804
177,1,social_media,59,1,3,7.0,7.3,2,2.0,3,2.33,28,25.0,30.0,27.666666666666668,Low,0.23073410987854004
191,1,social_media,101,3,0,7.0,5.2,3,3.0,3,3.0,28,25.0,35.0,29.33333333333333,Low,0.2726747393608093
184,5,interview,150,5,3,6.333333333333333,6.0,4,4.0,4,4.0,44,25.0,42.0,37.0,High,0.14238381385803223
186,5,interview,63,3,0,5.333333333333333,5.9,2,2.0,2,2.0,20,15.0,15.0,16.666666666666668,Low,0.07113958895206451
183,1,social_media,36,2,0,6.0,5.7,1,1.0,1,1.0,15,15.0,15.0,15.0,Low,0.25338423252105713
180,1,social_media,182,3,1,6.333333333333333,4.8,4,4.0,4,4.0,24,25.0,35.0,28.0,High,0.12155215442180634
182,3,business_pitch,122,1,5,6.333333333333333,6.2,5,4.0,3,4.0,15,12.0,12.0,13.0,High,0.19253994524478912
188,1,social_media,144,3,0,5.0,5.8,3,4.0,4,3.67,28,25.0,35.0,29.33333333333333,High,0.2177499383687973
172,5,interview,115,3,2,6.666666666666667,5.8,3,3.0,2,2.67,28,15.0,35.0,26.0,Low,0.3344827890396118
181,3,business_pitch,74,2,2,6.0,7.5,2,2.0,3,2.33,44,38.0,42.0,41.333333333333336,Low,0.23736509680747986
187,3,business_pitch,30,1,0,5.333333333333333,2.3,1,1.0,2,1.33,12,12.0,12.0,12.0,Low,0.3082028925418854
193,5,interview,155,1,0,5.0,5.3,3,3.0,3,3.0,28,25.0,25.0,26.0,Low,0.32987383008003235
189,5,interview,104,4,2,4.666666666666667,5.3,2,2.0,2,2.0,15,15.0,15.0,15.0,Low,0.31625550985336304
194,3,business_pitch,116,6,1,5.333333333333333,5.9,3,3.0,3,3.0,20,25.0,28.0,24.33333333333333,High,0.22252631187438965
191,5,interview,100,2,2,6.0,5.2,1,2.0,1,1.33,24,15.0,25.0,21.33333333333333,Low,0.33635732531547546
184,1,social_media,109,5,4,6.666666666666667,6.0,4,4.0,4,4.0,20,15.0,25.0,20.0,High,0.15694455802440643
187,5,interview,42,1,0,5.666666666666667,2.3,2,2.0,3,2.33,15,15.0,15.0,15.0,Low,0.24966172873973846
190,3,business_pitch,70,2,1,5.0,7.2,3,3.0,3,3.0,20,15.0,20.0,18.33333333333333,High,0.20759275555610657
195,5,interview,112,2,0,6.333333333333333,3.2,1,1.0,2,1.33,15,15.0,15.0,15.0,Low,0.2863878905773163
186,3,business_pitch,70,2,0,6.0,5.9,2,2.0,3,2.33,18,15.0,15.0,16.0,Low,0.2877131700515747
189,1,social_media,100,7,2,4.666666666666667,5.3,2,2.0,2,2.0,38,25.0,38.0,33.666666666666664,Low,0.19592110812664032
183,5,interview,24,1,0,4.333333333333333,5.7,1,1.0,1,1.0,12,12.0,12.0,12.0,Low,0.24548688530921936
182,1,social_media,100,1,1,6.333333333333333,6.2,5,5.0,5,5.0,24,22.0,20.0,22.0,High,0.19721724092960358
191,3,business_pitch,212,2,1,5.666666666666667,5.2,1,1.0,2,1.33,28,25.0,38.0,30.33333333333333,Low,0.24650265276432037
192,1,social_media,111,1,0,6.333333333333333,5.3,1,1.0,2,1.33,28,32.0,35.0,31.666666666666668,Low,0.12876562774181366
193,1,social_media,189,1,0,5.0,5.3,2,2.0,2,2.0,28,25.0,35.0,29.33333333333333,Low,0.14938229322433472
190,1,social_media,55,2,1,5.0,7.2,2,3.0,2,2.33,38,38.0,38.0,38.0,Low,0.25487959384918213
195,3,business_pitch,103,3,0,5.666666666666667,3.2,3,3.0,3,3.0,20,25.0,25.0,23.33333333333333,High,0.1693732738494873
194,5,interview,146,2,1,6.0,5.9,3,3.0,3,3.0,20,25.0,25.0,23.33333333333333,Low,0.31574034690856934
188,5,interview,103,3,1,4.666666666666667,5.8,4,3.0,3,3.33,20,15.0,20.0,18.33333333333333,High,0.2659682035446167
198,5,interview,81,3,0,5.666666666666667,3.0,3,3.0,3,3.0,18,15.0,15.0,16.0,Low,0.3912241756916046
192,3,business_pitch,100,1,1,6.666666666666667,5.3,2,2.0,2,2.0,32,32.0,38.0,34.0,Low,0.15541332960128784
190,5,interview,46,2,1,5.0,7.2,2,3.0,2,2.33,15,15.0,15.0,15.0,Low,0.29324549436569214
193,3,business_pitch,167,2,0,5.666666666666667,5.3,4,4.0,4,4.0,38,35.0,42.0,38.333333333333336,High,0.23819667100906372
194,1,social_media,245,8,5,3.6666666666666665,5.9,3,4.0,4,3.67,46,42.0,45.0,44.333333333333336,High,0.1904483586549759
188,3,business_pitch,168,5,2,5.666666666666667,5.8,4,4.0,4,4.0,36,35.0,42.0,37.66666666666666,High,0.22849301993846893
195,1,social_media,100,3,0,6.333333333333333,3.2,1,1.0,2,1.33,20,15.0,15.0,16.666666666666668,Low,0.1628662794828415
197,3,business_pitch,144,8,4,6.0,7.0,4,4.0,4,4.0,28,28.0,35.0,30.33333333333333,High,0.1961575150489807
198,3,business_pitch,147,3,0,4.333333333333333,3.0,4,4.0,4,4.0,28,28.0,35.0,30.33333333333333,High,0.22956949472427368
199,3,business_pitch,44,2,1,4.333333333333333,8.7,2,2.0,2,2.0,20,25.0,20.0,21.666666666666668,Low,0.32727915048599243
198,1,social_media,106,2,0,6.333333333333333,3.0,2,3.0,2,2.33,28,25.0,30.0,27.666666666666668,Low,0.1660524606704712
197,5,interview,142,6,3,6.333333333333333,7.0,4,4.0,4,4.0,15,15.0,15.0,15.0,High,0.3115115761756897
202,1,social_media,103,2,2,5.333333333333333,4.5,3,3.0,3,3.0,20,25.0,30.0,25.0,Low,0.1903427392244339
199,5,interview,38,2,1,4.333333333333333,8.7,1,1.0,2,1.33,15,25.0,15.0,18.33333333333333,Low,0.3226187527179718
202,5,interview,104,2,1,6.333333333333333,4.5,4,4.0,4,4.0,28,25.0,35.0,29.33333333333333,High,0.3215842843055725
203,5,interview,44,1,0,5.0,3.5,1,1.0,2,1.33,15,15.0,15.0,15.0,Low,0.3350561857223511
199,1,social_media,59,1,1,6.0,8.7,2,3.0,3,2.67,20,25.0,25.0,23.33333333333333,Low,0.16454660892486572
202,3,business_pitch,117,2,0,7.0,4.5,3,3.0,2,2.67,28,25.0,35.0,29.33333333333333,High,0.2362632006406784
204,3,business_pitch,125,1,0,5.666666666666667,7.2,3,2.0,2,2.33,28,25.0,30.0,27.666666666666668,Low,0.24353504180908203
203,3,business_pitch,76,1,0,5.333333333333333,3.5,1,1.0,2,1.33,20,15.0,15.0,16.666666666666668,Low,0.09397966414690018
204,5,interview,100,1,0,4.666666666666667,7.2,2,3.0,3,2.67,18,15.0,15.0,16.0,Low,0.06977996975183487
204,1,social_media,117,1,0,4.666666666666667,7.2,1,1.0,2,1.33,18,12.0,25.0,18.33333333333333,Low,0.011231391690671444
203,1,social_media,82,3,0,6.333333333333333,3.5,2,1.0,3,2.0,28,35.0,25.0,29.33333333333333,Low,0.1545645147562027
196,5,interview,104,3,0,6.0,6.6,3,3.0,3,3.0,18,15.0,15.0,16.0,Low,0.34529516100883484
196,1,social_media,101,5,0,5.666666666666667,6.6,3,3.0,3,3.0,28,25.0,25.0,26.0,Low,0.14119283854961395
208,5,interview,117,1,0,6.333333333333333,5.5,1,1.0,2,1.33,15,15.0,15.0,15.0,Low,0.09412317723035812
209,3,business_pitch,56,2,0,5.333333333333333,3.4,2,2.0,2,2.0,20,25.0,28.0,24.33333333333333,Low,0.24277041852474213
210,3,business_pitch,101,3,0,5.333333333333333,2.8,2,3.0,3,2.67,24,25.0,28.0,25.666666666666668,High,0.201969712972641
196,3,business_pitch,103,4,0,6.0,6.6,2,3.0,3,2.67,24,25.0,28.0,25.666666666666668,High,0.257884681224823
208,1,social_media,106,2,0,7.0,5.5,3,3.0,2,2.67,20,25.0,20.0,21.666666666666668,Low,0.15052756667137146
210,5,interview,107,4,0,5.666666666666667,2.8,3,4.0,4,3.67,20,15.0,25.0,20.0,High,0.3052598834037781
209,1,social_media,110,2,0,5.666666666666667,3.4,2,2.0,2,2.0,24,25.0,25.0,24.666666666666668,Low,0.09504363685846329
208,3,business_pitch,122,1,0,6.333333333333333,5.5,1,1.0,2,1.33,24,25.0,28.0,25.666666666666668,Low,0.3075137734413147
212,1,social_media,40,4,2,5.666666666666667,5.5,3,3.0,3,3.0,36,42.0,40.0,39.333333333333336,Low,0.1375243216753006
210,1,social_media,100,5,0,6.0,2.8,4,3.0,2,3.0,28,25.0,35.0,29.33333333333333,Low,0.18086273968219757
209,5,interview,74,2,0,4.333333333333333,3.4,1,1.0,2,1.33,15,15.0,15.0,15.0,Low,0.31364908814430237
212,3,business_pitch,45,3,1,5.666666666666667,5.5,3,3.0,3,3.0,32,35.0,42.0,36.333333333333336,High,0.16221529245376587
211,5,interview,112,1,1,6.0,5.4,1,1.0,1,1.0,20,15.0,25.0,20.0,Low,0.36320966482162476
212,5,interview,44,3,1,5.0,5.5,3,3.0,2,2.67,20,25.0,20.0,21.666666666666668,Low,0.33802682161331177
211,3,business_pitch,106,1,1,6.0,5.4,1,1.0,1,1.0,28,25.0,28.0,27.0,Low,0.27641794085502625
215,5,interview,101,3,3,6.333333333333333,5.1,3,3.0,3,3.0,20,15.0,15.0,16.666666666666668,Low,0.315506249666214
215,3,business_pitch,121,5,3,6.0,5.1,3,3.0,4,3.33,32,38.0,38.0,36.0,High,0.331708699464798
216,5,interview,80,2,0,6.0,4.4,1,1.0,2,1.33,15,15.0,20.0,16.666666666666668,Low,0.3800230920314789
215,1,social_media,102,4,1,6.0,5.1,3,3.0,3,3.0,38,25.0,38.0,33.666666666666664,Low,0.18197543919086456
216,3,business_pitch,108,2,0,5.333333333333333,4.4,1,1.0,2,1.33,15,12.0,15.0,14.0,Low,0.3150137662887573
216,1,social_media,132,2,0,6.0,4.4,1,1.0,2,1.33,28,25.0,38.0,30.33333333333333,Low,0.22091169655323029
214,5,interview,104,2,1,4.333333333333333,4.4,3,4.0,3,3.33,24,25.0,30.0,26.33333333333333,High,0.2691669762134552
217,1,social_media,101,3,1,6.666666666666667,6.3,2,2.0,3,2.33,28,15.0,15.0,19.33333333333333,Low,0.04244198277592659
217,3,business_pitch,100,3,3,6.666666666666667,6.3,2,3.0,3,2.67,28,25.0,38.0,30.33333333333333,High,0.24443626403808594
217,5,interview,136,2,1,3.0,6.3,3,3.0,3,3.0,28,15.0,20.0,21.0,Low,0.20358338952064514
218,1,social_media,103,4,0,6.0,4.1,2,2.0,3,2.33,28,25.0,28.0,27.0,Low,0.120269276201725
218,5,interview,60,3,0,6.0,4.1,2,3.0,3,2.67,20,15.0,25.0,20.0,Low,0.30366843938827515
218,3,business_pitch,100,3,0,6.0,4.1,2,2.0,2,2.0,18,15.0,15.0,16.0,Low,0.2573731243610382
220,5,interview,102,5,1,5.666666666666667,5.3,3,3.0,3,3.0,24,25.0,20.0,23.0,Low,0.26262712478637695
220,1,social_media,86,1,1,5.0,5.3,4,4.0,4,4.0,28,28.0,40.0,32.0,High,0.17847886681556702
220,3,business_pitch,98,3,1,5.666666666666667,5.3,3,3.0,3,3.0,32,25.0,42.0,33.0,High,0.30522727966308594
